loss,accuracy,lr
2.178530216217041,0.3642857074737549,0.0010000000474974513
0.8799131512641907,0.8767856955528259,0.0010000000474974513
0.4017268121242523,0.9660714268684387,0.0010000000474974513
0.20170612633228302,0.9785714149475098,0.0010000000474974513
0.118463434278965,0.987500011920929,0.0010000000474974513
0.06951962411403656,1.0,0.0010000000474974513
0.045798882842063904,1.0,0.0010000000474974513
0.0260634608566761,1.0,0.0010000000474974513
0.017588483169674873,1.0,0.0010000000474974513
0.014010014943778515,1.0,0.0010000000474974513
0.01047236192971468,1.0,0.0010000000474974513
0.010884109884500504,1.0,0.0010000000474974513
0.009716866537928581,1.0,0.0010000000474974513
0.007236375939100981,1.0,0.0010000000474974513
0.006412324961274862,1.0,0.0010000000474974513
0.005603494588285685,1.0,0.0010000000474974513
0.004499688278883696,1.0,0.0010000000474974513
0.0045468187890946865,1.0,0.0010000000474974513
0.003940077964216471,1.0,0.0010000000474974513
0.003751151030883193,1.0,0.0010000000474974513
0.003247153013944626,1.0,0.0010000000474974513
0.003097167471423745,1.0,0.0010000000474974513
0.0032691184896975756,1.0,0.0010000000474974513
0.002568496624007821,1.0,0.0010000000474974513
0.0027944750618189573,1.0,0.0010000000474974513
0.0022989874705672264,1.0,0.0010000000474974513
0.0021188980899751186,1.0,0.0010000000474974513
0.001994950929656625,1.0,0.0010000000474974513
0.002344891196116805,1.0,0.0010000000474974513
0.002046675654128194,1.0,0.0010000000474974513
0.0018185259541496634,1.0,0.0010000000474974513
0.0017728712409734726,1.0,0.0010000000474974513
0.0017024045810103416,1.0,0.0010000000474974513
0.0015272994060069323,1.0,0.0010000000474974513
0.0015637407777830958,1.0,0.0010000000474974513
0.0013480668421834707,1.0,0.0010000000474974513
0.0012755623320117593,1.0,0.0010000000474974513
0.001270617707632482,1.0,0.0010000000474974513
0.001400160021148622,1.0,0.0010000000474974513
0.0010356971761211753,1.0,0.0010000000474974513
0.0011567807523533702,1.0,0.0010000000474974513
0.0009636633330956101,1.0,0.0010000000474974513
0.0010398669401183724,1.0,0.0010000000474974513
0.0010966164991259575,1.0,0.0010000000474974513
0.0010577274952083826,1.0,0.0010000000474974513
0.0009916104609146714,1.0,0.0010000000474974513
0.0009234674507752061,1.0,0.0010000000474974513
0.0008067150483839214,1.0,0.0010000000474974513
0.0011062530102208257,1.0,0.0010000000474974513
0.0008287724922411144,1.0,0.0010000000474974513
0.00088885409059003,1.0,0.0010000000474974513
0.0009302008547820151,1.0,0.0010000000474974513
0.000961656216531992,1.0,0.0010000000474974513
0.0007807101355865598,1.0,0.0010000000474974513
0.000665010535158217,1.0,0.0010000000474974513
0.0007263647858053446,1.0,0.0010000000474974513
0.0006073988042771816,1.0,0.0010000000474974513
0.0005652907420881093,1.0,0.0010000000474974513
0.0006145285442471504,1.0,0.0010000000474974513
0.0005402364186011255,1.0,0.0010000000474974513
0.0005745406378991902,1.0,0.0010000000474974513
0.0007134676561690867,1.0,0.0010000000474974513
0.0008825801778584719,1.0,0.0010000000474974513
0.0006677995552308857,1.0,0.0010000000474974513
0.0005528252222575247,1.0,0.0010000000474974513
0.0005682220798917115,1.0,0.0010000000474974513
0.0005348435370251536,1.0,0.0010000000474974513
0.000617369485553354,1.0,0.0010000000474974513
0.0004395962168928236,1.0,0.0010000000474974513
0.0004909727722406387,1.0,0.0010000000474974513
0.0005557540571317077,1.0,0.0010000000474974513
0.00043171155266463757,1.0,0.0010000000474974513
0.00047446208191104233,1.0,0.0010000000474974513
0.00041554594645276666,1.0,0.0010000000474974513
0.0003779088146984577,1.0,0.0010000000474974513
0.0004664997395593673,1.0,0.0010000000474974513
0.000492002465762198,1.0,0.0010000000474974513
0.00034929721732623875,1.0,0.0010000000474974513
0.0004214434593450278,1.0,0.0010000000474974513
0.00038239496643655,1.0,0.0010000000474974513
0.00037073297426104546,1.0,0.0010000000474974513
0.0004308942297939211,1.0,0.0010000000474974513
0.00046761095291003585,1.0,0.0010000000474974513
0.00038523212424479425,1.0,0.0010000000474974513
0.00036277234903536737,1.0,0.0010000000474974513
0.00037682478432543576,1.0,0.0010000000474974513
0.0003673420287668705,1.0,0.0010000000474974513
0.000345131236827001,1.0,0.0010000000474974513
0.00040253298357129097,1.0,0.0010000000474974513
0.0002739698102232069,1.0,0.0010000000474974513
0.0003468726063147187,1.0,0.0010000000474974513
0.00030252482974901795,1.0,0.0010000000474974513
0.0002943314320873469,1.0,0.0010000000474974513
0.0003144854272250086,1.0,0.0010000000474974513
0.0002565223549026996,1.0,0.0010000000474974513
0.00033406211878173053,1.0,0.0010000000474974513
0.000290904485154897,1.0,0.0010000000474974513
0.00036130499211139977,1.0,0.0010000000474974513
0.0003496110439300537,1.0,0.0010000000474974513
0.0002952439244836569,1.0,0.0010000000474974513
0.0002762548974715173,1.0,0.0010000000474974513
0.00026996704400517046,1.0,0.0010000000474974513
0.000283397501334548,1.0,0.0010000000474974513
0.0002352665615035221,1.0,0.0010000000474974513
0.00026584017905406654,1.0,0.0010000000474974513
0.00024876731913536787,1.0,0.0010000000474974513
0.0002473410277161747,1.0,0.0010000000474974513
0.00019555410835891962,1.0,0.0010000000474974513
0.00023017909552436322,1.0,0.0010000000474974513
0.00023713700647931546,1.0,0.0010000000474974513
0.00025168093270622194,1.0,0.0010000000474974513
0.00034157978370785713,1.0,0.0010000000474974513
0.00021047703921794891,1.0,0.0010000000474974513
0.00022797736164648086,1.0,0.0010000000474974513
0.0002607794012874365,1.0,0.0010000000474974513
0.00018784009444061667,1.0,0.0010000000474974513
0.00022688832541462034,1.0,0.0010000000474974513
0.00019162918033543974,1.0,0.0010000000474974513
0.00026267781504429877,1.0,0.0010000000474974513
0.00020182947628200054,1.0,0.0010000000474974513
0.0002158451097784564,1.0,0.0010000000474974513
0.00018940086010843515,1.0,0.0010000000474974513
0.00024483128800056875,1.0,0.0010000000474974513
0.0002262277848785743,1.0,0.0010000000474974513
0.00025281377020291984,1.0,0.0010000000474974513
0.00018432030628900975,1.0,0.0010000000474974513
0.00021852925419807434,1.0,0.0010000000474974513
0.0001936256157932803,1.0,0.0010000000474974513
0.00019970032735727727,1.0,0.0010000000474974513
0.00024365418357774615,1.0,0.0010000000474974513
0.00016182173567358404,1.0,0.0010000000474974513
0.000198089808691293,1.0,0.0010000000474974513
0.000199619447812438,1.0,0.0010000000474974513
0.00016352866077795625,1.0,0.0010000000474974513
0.00020759519247803837,1.0,0.0010000000474974513
0.00016633498307783157,1.0,0.0010000000474974513
0.00015682085359003395,1.0,0.0010000000474974513
0.00014336127787828445,1.0,0.0010000000474974513
0.00015372071356978267,1.0,0.0010000000474974513
0.00020834433962590992,1.0,0.0010000000474974513
0.00019881344633176923,1.0,0.0010000000474974513
0.00015322504623327404,1.0,0.0010000000474974513
0.000159549992531538,1.0,0.0010000000474974513
0.00017123270663432777,1.0,0.0010000000474974513
0.00016733567463234067,1.0,0.0010000000474974513
0.00014932539488654584,1.0,0.0010000000474974513
0.00014479148376267403,1.0,0.0010000000474974513
0.00013849280367139727,1.0,0.0010000000474974513
0.00014218557043932378,1.0,0.0010000000474974513
0.00015797093510627747,1.0,0.0010000000474974513
0.0001411469274898991,1.0,0.0010000000474974513
0.00013890149421058595,1.0,0.0010000000474974513
0.00016051583224907517,1.0,0.0010000000474974513
0.00013226308510638773,1.0,0.0010000000474974513
0.00014547746104653925,1.0,0.0010000000474974513
0.0001601201220182702,1.0,0.0010000000474974513
0.0001216706950799562,1.0,0.0010000000474974513
0.00012395362136885524,1.0,0.0010000000474974513
0.00011390815052436665,1.0,0.0010000000474974513
0.00010714396921684965,1.0,0.0010000000474974513
0.00015037076082080603,1.0,0.0010000000474974513
0.00010949286661343649,1.0,0.0010000000474974513
0.0001019633054966107,1.0,0.0010000000474974513
0.0001243300357600674,1.0,0.0010000000474974513
0.00011123681906610727,1.0,0.0010000000474974513
0.00011205755436094478,1.0,0.0010000000474974513
0.00011010202433681116,1.0,0.0010000000474974513
0.00010982214007526636,1.0,0.0010000000474974513
0.0001038035552483052,1.0,0.0010000000474974513
0.00012368374154902995,1.0,0.0010000000474974513
0.0001475239550927654,1.0,0.0010000000474974513
0.00022195832571014762,1.0,0.0010000000474974513
0.006529939826577902,0.9982143044471741,0.0010000000474974513
0.3286019563674927,0.9160714149475098,0.0010000000474974513
0.2019861340522766,0.9678571224212646,0.0010000000474974513
0.08240588754415512,0.9821428656578064,0.0010000000474974513
0.03288400545716286,0.9982143044471741,0.0010000000474974513
0.015302777290344238,1.0,0.0010000000474974513
0.00632724491879344,1.0,0.0010000000474974513
0.004128241911530495,1.0,0.0010000000474974513
0.0020656913984566927,1.0,0.0010000000474974513
0.0016853401903063059,1.0,0.0005000000237487257
0.0018535135313868523,1.0,0.0005000000237487257
0.0017362707294523716,1.0,0.0005000000237487257
0.0013095267349854112,1.0,0.0005000000237487257
0.0012155380100011826,1.0,0.0005000000237487257
0.0009900961304083467,1.0,0.0005000000237487257
0.001357780653052032,1.0,0.0005000000237487257
0.0011535212397575378,1.0,0.0005000000237487257
0.0009447505581192672,1.0,0.0005000000237487257
0.0008631787495687604,1.0,0.0005000000237487257
0.001057956600561738,1.0,0.0005000000237487257
0.001101926201954484,1.0,0.0005000000237487257
0.0009940628660842776,1.0,0.0005000000237487257
0.0011391586158424616,1.0,0.0005000000237487257
0.0010923886438831687,1.0,0.0005000000237487257
0.0009505702764727175,1.0,0.0005000000237487257
0.0009370972984470427,1.0,0.0005000000237487257
0.0008297230233438313,1.0,0.0005000000237487257
0.0007444156799465418,1.0,0.0005000000237487257
0.0008353772573173046,1.0,0.0005000000237487257
0.0008341741049662232,1.0,0.0005000000237487257
0.0008332571014761925,1.0,0.0005000000237487257
0.0007152567850425839,1.0,0.0005000000237487257
0.0008746571256779134,1.0,0.0005000000237487257
0.0007365280762314796,1.0,0.0005000000237487257
0.0007028760737739503,1.0,0.0005000000237487257
0.0007474702433682978,1.0,0.0005000000237487257
0.0008135450189001858,1.0,0.0005000000237487257
0.0009291332680732012,1.0,0.0005000000237487257
0.0008263853960670531,1.0,0.0005000000237487257
0.0006847458425909281,1.0,0.0005000000237487257
0.0007843601633794606,1.0,0.0005000000237487257
0.0007226743036881089,1.0,0.0005000000237487257
0.0005204062326811254,1.0,0.0005000000237487257
0.0004957205383107066,1.0,0.0005000000237487257
0.0007049224805086851,1.0,0.0005000000237487257
0.0005646129138767719,1.0,0.0005000000237487257
0.0005935781518928707,1.0,0.0005000000237487257
0.0005485012079589069,1.0,0.0005000000237487257
0.0005529123591259122,1.0,0.0005000000237487257
0.0005167546914890409,1.0,0.0005000000237487257
0.0005428905715234578,1.0,0.0005000000237487257
0.0005039714160375297,1.0,0.0005000000237487257
0.0005943966680206358,1.0,0.0005000000237487257
0.00040277992957271636,1.0,0.0005000000237487257
0.0005164805334061384,1.0,0.0005000000237487257
0.00046619880595244467,1.0,0.0005000000237487257
0.0004654366057366133,1.0,0.0005000000237487257
0.000623662315774709,1.0,0.0005000000237487257
0.0005746560636907816,1.0,0.0005000000237487257
0.00045275926822796464,1.0,0.0002500000118743628
0.0004479725321289152,1.0,0.0002500000118743628
0.0004811295948456973,1.0,0.0002500000118743628
0.0004985757987014949,1.0,0.0002500000118743628
0.0005395711632445455,1.0,0.0002500000118743628
0.0005520082777366042,1.0,0.0002500000118743628
0.0004390030517242849,1.0,0.0002500000118743628
0.00051712995627895,1.0,0.0002500000118743628
0.00036491735954768956,1.0,0.0002500000118743628
0.0005531397764571011,1.0,0.0002500000118743628
0.0004530685837380588,1.0,0.0002500000118743628
0.00038113491609692574,1.0,0.0002500000118743628
0.0004367681685835123,1.0,0.0002500000118743628
0.0004882976063527167,1.0,0.0002500000118743628
0.00045782560482621193,1.0,0.0002500000118743628
0.0003582220815587789,1.0,0.0002500000118743628
0.0003872116794809699,1.0,0.0002500000118743628
0.0003627749683801085,1.0,0.0002500000118743628
0.0003526483487803489,1.0,0.0002500000118743628
0.0003919707960449159,1.0,0.0002500000118743628
0.0003739246167242527,1.0,0.0002500000118743628
0.0003525779175106436,1.0,0.0002500000118743628
0.00041031790897250175,1.0,0.0002500000118743628
0.0004844617214985192,1.0,0.0002500000118743628
0.0003961768525186926,1.0,0.0002500000118743628
0.00047550955787301064,1.0,0.0002500000118743628
0.00038983876584097743,1.0,0.0002500000118743628
0.00041295724804513156,1.0,0.0002500000118743628
0.0002855691418517381,1.0,0.0002500000118743628
0.0005088347243145108,1.0,0.0002500000118743628
0.00031693713390268385,1.0,0.0002500000118743628
0.00033861128031276166,1.0,0.0002500000118743628
0.000538697000592947,1.0,0.0002500000118743628
0.00041842868085950613,1.0,0.0002500000118743628
0.00037241665995679796,1.0,0.0002500000118743628
0.0003410940116737038,1.0,0.0002500000118743628
0.000290845608105883,1.0,0.0002500000118743628
0.0004918352933600545,1.0,0.0002500000118743628
0.00035690685035660863,1.0,0.0002500000118743628
0.00047005328815430403,1.0,0.0002500000118743628
0.00034322458668611944,1.0,0.0002500000118743628
0.00038499492802657187,1.0,0.0002500000118743628
0.0003364652511663735,1.0,0.0002500000118743628
0.00035462071537040174,1.0,0.0002500000118743628
0.00047290403745137155,1.0,0.0002500000118743628
0.00037797013646923006,1.0,0.0002500000118743628
0.0004239404806867242,1.0,0.0002500000118743628
0.00033225445076823235,1.0,0.0002500000118743628
0.0003408506454434246,1.0,0.0002500000118743628
0.0005532143404707313,1.0,0.0002500000118743628
0.00033026066375896335,1.0,0.0001250000059371814
0.0002943404542747885,1.0,0.0001250000059371814
0.0004142172110732645,1.0,0.0001250000059371814
0.00034765267628245056,1.0,0.0001250000059371814
0.00034666183637455106,1.0,0.0001250000059371814
0.0003960809262935072,1.0,0.0001250000059371814
0.0003418790583964437,1.0,0.0001250000059371814
0.00031774642411619425,1.0,0.0001250000059371814
0.00034293485805392265,1.0,0.0001250000059371814
0.0002836264902725816,1.0,0.0001250000059371814
0.0004326777416281402,1.0,0.0001250000059371814
0.00033188462839461863,1.0,0.0001250000059371814
0.0003033153770957142,1.0,0.0001250000059371814
0.0003608772240113467,1.0,0.0001250000059371814
0.0003600552736315876,1.0,0.0001250000059371814
0.0003669894649647176,1.0,0.0001250000059371814
0.0002882673579733819,1.0,0.0001250000059371814
0.0003684882540255785,1.0,0.0001250000059371814
0.0003939667949452996,1.0,0.0001250000059371814
0.00038325085188262165,1.0,0.0001250000059371814
0.0003464524634182453,1.0,0.0001250000059371814
0.00030437656096182764,1.0,0.0001250000059371814
0.00030863136635161936,1.0,0.0001250000059371814
0.00024562739417888224,1.0,0.0001250000059371814
0.0003612944856286049,1.0,0.0001250000059371814
0.00044946197886019945,1.0,0.0001250000059371814
0.000299962266581133,1.0,0.0001250000059371814
0.00033671135315671563,1.0,0.0001250000059371814
0.0003164407389704138,1.0,0.0001250000059371814
0.000392355170333758,1.0,0.0001250000059371814
0.0004042230430059135,1.0,0.0001250000059371814
0.00026299600722268224,1.0,0.0001250000059371814
0.0003816388198174536,1.0,0.0001250000059371814
0.00037520102341659367,1.0,0.0001250000059371814
0.00024872878566384315,1.0,0.0001250000059371814
0.00030505890026688576,1.0,0.0001250000059371814
0.00028126276447437704,1.0,0.0001250000059371814
0.0002566982002463192,1.0,0.0001250000059371814
0.0002774333697743714,1.0,0.0001250000059371814
0.00028981492505408823,1.0,0.0001250000059371814
0.0003184319066349417,1.0,0.0001250000059371814
0.0002852753968909383,1.0,0.0001250000059371814
0.00031506631057709455,1.0,0.0001250000059371814
0.000350990507286042,1.0,0.0001250000059371814
0.00024149181263055652,1.0,0.0001250000059371814
0.0002851624449249357,1.0,0.0001250000059371814
0.0002692079870030284,1.0,0.0001250000059371814
0.0002656232682056725,1.0,0.0001250000059371814
0.00021417788229882717,1.0,0.0001250000059371814
0.0002909085596911609,1.0,0.0001250000059371814
0.0003253863542340696,1.0,9.999999747378752e-05
0.00034964975202456117,1.0,9.999999747378752e-05
0.00031471013789996505,1.0,9.999999747378752e-05
0.00026644012541510165,1.0,9.999999747378752e-05
0.00024171934637706727,1.0,9.999999747378752e-05
0.00021355756325647235,1.0,9.999999747378752e-05
0.00023170720669440925,1.0,9.999999747378752e-05
0.0002826202835422009,1.0,9.999999747378752e-05
0.00022511128918267787,1.0,9.999999747378752e-05
0.00021102017490193248,1.0,9.999999747378752e-05
0.00029445497784763575,1.0,9.999999747378752e-05
0.00031692872289568186,1.0,9.999999747378752e-05
0.00024342026154045016,1.0,9.999999747378752e-05
0.00021413965441752225,1.0,9.999999747378752e-05
0.0003077603760175407,1.0,9.999999747378752e-05
0.0002649820235092193,1.0,9.999999747378752e-05
0.00024521350860595703,1.0,9.999999747378752e-05
0.0002742712094914168,1.0,9.999999747378752e-05
0.00035806745290756226,1.0,9.999999747378752e-05
0.00022112893930170685,1.0,9.999999747378752e-05
0.00030801325920037925,1.0,9.999999747378752e-05
0.00023800379130989313,1.0,9.999999747378752e-05
0.00021872168872505426,1.0,9.999999747378752e-05
0.00028187670977786183,1.0,9.999999747378752e-05
0.0003892868116963655,1.0,9.999999747378752e-05
0.0002198514703195542,1.0,9.999999747378752e-05
0.00024671616847626865,1.0,9.999999747378752e-05
0.00023545532894786447,1.0,9.999999747378752e-05
0.00023949300521053374,1.0,9.999999747378752e-05
0.00029795512091368437,1.0,9.999999747378752e-05
0.0002522111462894827,1.0,9.999999747378752e-05
0.00028882265905849636,1.0,9.999999747378752e-05
0.00035991318873129785,1.0,9.999999747378752e-05
0.00027655510348267853,1.0,9.999999747378752e-05
0.00024328005383722484,1.0,9.999999747378752e-05
0.0002833287580870092,1.0,9.999999747378752e-05
0.00023894714831840247,1.0,9.999999747378752e-05
0.0003429289790801704,1.0,9.999999747378752e-05
0.0002704779908526689,1.0,9.999999747378752e-05
0.00022144328977447003,1.0,9.999999747378752e-05
0.0002557895495556295,1.0,9.999999747378752e-05
0.0002482117561157793,1.0,9.999999747378752e-05
0.00025164440739899874,1.0,9.999999747378752e-05
0.0002991755027323961,1.0,9.999999747378752e-05
0.0002100528945447877,1.0,9.999999747378752e-05
0.00022043853823561221,1.0,9.999999747378752e-05
0.0002744672819972038,1.0,9.999999747378752e-05
0.0002577507111709565,1.0,9.999999747378752e-05
0.00026124497526325285,1.0,9.999999747378752e-05
0.0002912543131969869,1.0,9.999999747378752e-05
0.00024185297661460936,1.0,9.999999747378752e-05
0.00024230046255979687,1.0,9.999999747378752e-05
0.00017742588534019887,1.0,9.999999747378752e-05
0.00019830923702102154,1.0,9.999999747378752e-05
0.00023942283587530255,1.0,9.999999747378752e-05
0.0002570910728536546,1.0,9.999999747378752e-05
0.0002750548883341253,1.0,9.999999747378752e-05
0.00019518757471814752,1.0,9.999999747378752e-05
0.0003079624439124018,1.0,9.999999747378752e-05
0.00023394727031700313,1.0,9.999999747378752e-05
0.00022036659356672317,1.0,9.999999747378752e-05
0.00022036880545783788,1.0,9.999999747378752e-05
0.0002227703807875514,1.0,9.999999747378752e-05
0.0001997397339437157,1.0,9.999999747378752e-05
0.00020544220751617104,1.0,9.999999747378752e-05
0.00031970819691196084,1.0,9.999999747378752e-05
0.00020756316371262074,1.0,9.999999747378752e-05
0.00028803711757063866,1.0,9.999999747378752e-05
0.00020750064868479967,1.0,9.999999747378752e-05
0.00019095567404292524,1.0,9.999999747378752e-05
0.0002689817047212273,1.0,9.999999747378752e-05
0.00026083586271852255,1.0,9.999999747378752e-05
0.00018487511260900646,1.0,9.999999747378752e-05
0.00024402019334957004,1.0,9.999999747378752e-05
0.0002125981409335509,1.0,9.999999747378752e-05
0.00021713506430387497,1.0,9.999999747378752e-05
0.00022000190801918507,1.0,9.999999747378752e-05
0.0002470161998644471,1.0,9.999999747378752e-05
0.0002805386029649526,1.0,9.999999747378752e-05
0.00018506943888496608,1.0,9.999999747378752e-05
0.0002060832193819806,1.0,9.999999747378752e-05
0.00023707268701400608,1.0,9.999999747378752e-05
0.00020682810281869024,1.0,9.999999747378752e-05
0.0002124500460922718,1.0,9.999999747378752e-05
0.00022701057605445385,1.0,9.999999747378752e-05
0.00026419153437018394,1.0,9.999999747378752e-05
0.00019484269432723522,1.0,9.999999747378752e-05
0.00033288588747382164,1.0,9.999999747378752e-05
0.00020375273015815765,1.0,9.999999747378752e-05
0.0002493645588401705,1.0,9.999999747378752e-05
0.00021826029114890844,1.0,9.999999747378752e-05
0.00022371964587364346,1.0,9.999999747378752e-05
0.00022138356871437281,1.0,9.999999747378752e-05
0.00022423476912081242,1.0,9.999999747378752e-05
0.00022497378813568503,1.0,9.999999747378752e-05
0.00023778740433044732,1.0,9.999999747378752e-05
0.0002555125975050032,1.0,9.999999747378752e-05
0.00023683397739659995,1.0,9.999999747378752e-05
0.00019172213796991855,1.0,9.999999747378752e-05
0.00020988233154639602,1.0,9.999999747378752e-05
0.0002117127733072266,1.0,9.999999747378752e-05
0.00022329991043079644,1.0,9.999999747378752e-05
0.00023982439597602934,1.0,9.999999747378752e-05
0.00016830612730700523,1.0,9.999999747378752e-05
0.00017544908041600138,1.0,9.999999747378752e-05
0.00019363241153769195,1.0,9.999999747378752e-05
0.00022963678929954767,1.0,9.999999747378752e-05
0.00016578454233240336,1.0,9.999999747378752e-05
0.000332177325617522,1.0,9.999999747378752e-05
0.00021945183107163757,1.0,9.999999747378752e-05
0.0002089797199005261,1.0,9.999999747378752e-05
0.00023443865939043462,1.0,9.999999747378752e-05
0.0002043755812337622,1.0,9.999999747378752e-05
0.0001946638512890786,1.0,9.999999747378752e-05
0.00015470231301151216,1.0,9.999999747378752e-05
0.00020522337581496686,1.0,9.999999747378752e-05
0.00021705814287997782,1.0,9.999999747378752e-05
0.00020355707965791225,1.0,9.999999747378752e-05
0.00017149437917396426,1.0,9.999999747378752e-05
0.00020713281992357224,1.0,9.999999747378752e-05
0.0002836240455508232,1.0,9.999999747378752e-05
0.00021935645781923085,1.0,9.999999747378752e-05
0.0002551793586462736,1.0,9.999999747378752e-05
0.00017761439085006714,1.0,9.999999747378752e-05
0.000191159313544631,1.0,9.999999747378752e-05
0.00020494211639743298,1.0,9.999999747378752e-05
0.0001997703075176105,1.0,9.999999747378752e-05
0.00019565658294595778,1.0,9.999999747378752e-05
0.00017345606465823948,1.0,9.999999747378752e-05
0.0001881823845906183,1.0,9.999999747378752e-05
0.00017084914725273848,1.0,9.999999747378752e-05
0.00018088382785208523,1.0,9.999999747378752e-05
0.00031445836066268384,1.0,9.999999747378752e-05
0.0002121565630659461,1.0,9.999999747378752e-05
0.0002499251568224281,1.0,9.999999747378752e-05
0.00017943442799150944,1.0,9.999999747378752e-05
0.00019129701831843704,1.0,9.999999747378752e-05
0.00024030139320529997,1.0,9.999999747378752e-05
0.00017883679538499564,1.0,9.999999747378752e-05
0.00018330405873712152,1.0,9.999999747378752e-05
0.00017753087740857154,1.0,9.999999747378752e-05
0.00017275685968343168,1.0,9.999999747378752e-05
0.00021086477499920875,1.0,9.999999747378752e-05
0.0002231137186754495,1.0,9.999999747378752e-05
0.00015700866060797125,1.0,9.999999747378752e-05
0.00020267580111976713,1.0,9.999999747378752e-05
0.00016214339120779186,1.0,9.999999747378752e-05
0.00022671792248729616,1.0,9.999999747378752e-05
0.00018007437756750733,1.0,9.999999747378752e-05
0.00015623173385392874,1.0,9.999999747378752e-05
0.00014861470845062286,1.0,9.999999747378752e-05
0.00013738387497141957,1.0,9.999999747378752e-05
0.00017820973880589008,1.0,9.999999747378752e-05
0.00016425132344011217,1.0,9.999999747378752e-05
0.00015538230945821851,1.0,9.999999747378752e-05
0.00022485053341370076,1.0,9.999999747378752e-05
0.00021700856450479478,1.0,9.999999747378752e-05
0.00015987716324161738,1.0,9.999999747378752e-05
0.00013428738748189062,1.0,9.999999747378752e-05
0.00014152759104035795,1.0,9.999999747378752e-05
0.00014869145525153726,1.0,9.999999747378752e-05
0.00018299951625522226,1.0,9.999999747378752e-05
0.00014815188478678465,1.0,9.999999747378752e-05
0.00017622836458031088,1.0,9.999999747378752e-05
0.0001253792579518631,1.0,9.999999747378752e-05
0.0002432330948067829,1.0,9.999999747378752e-05
0.00013130420120432973,1.0,9.999999747378752e-05
0.00015206394891720265,1.0,9.999999747378752e-05
0.00015197898028418422,1.0,9.999999747378752e-05
0.00021095536067150533,1.0,9.999999747378752e-05
0.00018611358245834708,1.0,9.999999747378752e-05
0.0001981608511414379,1.0,9.999999747378752e-05
0.00015150060062296689,1.0,9.999999747378752e-05
0.0001455201709177345,1.0,9.999999747378752e-05
0.00020601660071406513,1.0,9.999999747378752e-05
0.0001609014143468812,1.0,9.999999747378752e-05
0.00018035827088169754,1.0,9.999999747378752e-05
0.00015092419926077127,1.0,9.999999747378752e-05
0.00014429398288484663,1.0,9.999999747378752e-05
0.00019825938215944916,1.0,9.999999747378752e-05
0.00018497339624445885,1.0,9.999999747378752e-05
0.00015703083772677928,1.0,9.999999747378752e-05
0.00017814894090406597,1.0,9.999999747378752e-05
0.0001425672380719334,1.0,9.999999747378752e-05
0.00016418127052020282,1.0,9.999999747378752e-05
0.00012918826541863382,1.0,9.999999747378752e-05
0.00011825123510789126,1.0,9.999999747378752e-05
0.00015776306099724025,1.0,9.999999747378752e-05
0.000144620644277893,1.0,9.999999747378752e-05
0.00021045720495749265,1.0,9.999999747378752e-05
0.00018299582006875426,1.0,9.999999747378752e-05
0.00013155497435946018,1.0,9.999999747378752e-05
0.00016576741472817957,1.0,9.999999747378752e-05
0.0001518748904345557,1.0,9.999999747378752e-05
0.00014290404214989394,1.0,9.999999747378752e-05
0.0001648819597903639,1.0,9.999999747378752e-05
0.0001272744993912056,1.0,9.999999747378752e-05
0.00013363549078349024,1.0,9.999999747378752e-05
0.00013975829642731696,1.0,9.999999747378752e-05
0.000114022011985071,1.0,9.999999747378752e-05
0.0001562918332638219,1.0,9.999999747378752e-05
0.00014346542593557388,1.0,9.999999747378752e-05
0.0001441481726942584,1.0,9.999999747378752e-05
0.00015009057824499905,1.0,9.999999747378752e-05
0.00015625014202669263,1.0,9.999999747378752e-05
0.00012600314221344888,1.0,9.999999747378752e-05
0.00014860568626318127,1.0,9.999999747378752e-05
0.00013668707106262445,1.0,9.999999747378752e-05
0.00015650223940610886,1.0,9.999999747378752e-05
0.0001580213283887133,1.0,9.999999747378752e-05
0.00016448620590381324,1.0,9.999999747378752e-05
0.00014417838247027248,1.0,9.999999747378752e-05
0.00013542032684199512,1.0,9.999999747378752e-05
0.00012291717575863004,1.0,9.999999747378752e-05
0.00014523493882734329,1.0,9.999999747378752e-05
0.00012281008821446449,1.0,9.999999747378752e-05
0.0001312485837843269,1.0,9.999999747378752e-05
0.0001308900973526761,1.0,9.999999747378752e-05
0.00018399757391307503,1.0,9.999999747378752e-05
0.0001300150470342487,1.0,9.999999747378752e-05
0.00012920280278194696,1.0,9.999999747378752e-05
0.00011643258039839566,1.0,9.999999747378752e-05
0.0001391943806083873,1.0,9.999999747378752e-05
0.00015868245100136846,1.0,9.999999747378752e-05
0.00011870531307067722,1.0,9.999999747378752e-05
0.00011175019608344883,1.0,9.999999747378752e-05
0.0001374608400510624,1.0,9.999999747378752e-05
0.0001530535810161382,1.0,9.999999747378752e-05
0.00010271959035890177,1.0,9.999999747378752e-05
0.00011844422260764986,1.0,9.999999747378752e-05
0.00011315567826386541,1.0,9.999999747378752e-05
0.00012515555135905743,1.0,9.999999747378752e-05
0.0001309797225985676,1.0,9.999999747378752e-05
0.0001292604865739122,1.0,9.999999747378752e-05
0.00013108663551975042,1.0,9.999999747378752e-05
0.0001283557212445885,1.0,9.999999747378752e-05
0.00012704152322839946,1.0,9.999999747378752e-05
0.0001055207394529134,1.0,9.999999747378752e-05
0.00013948643754702061,1.0,9.999999747378752e-05
0.00017095968360081315,1.0,9.999999747378752e-05
0.00013472152932081372,1.0,9.999999747378752e-05
0.00011247844668105245,1.0,9.999999747378752e-05
0.00010910233686445281,1.0,9.999999747378752e-05
0.00010743860912043601,1.0,9.999999747378752e-05
0.00013319781282916665,1.0,9.999999747378752e-05
0.00010802956239785999,1.0,9.999999747378752e-05
0.00011669091327348724,1.0,9.999999747378752e-05
0.00013137787755113095,1.0,9.999999747378752e-05
0.00014652435493189842,1.0,9.999999747378752e-05
0.00010594319610390812,1.0,9.999999747378752e-05
0.00011493463534861803,1.0,9.999999747378752e-05
0.0001537158532300964,1.0,9.999999747378752e-05
9.472767123952508e-05,1.0,9.999999747378752e-05
0.0001365966018056497,1.0,9.999999747378752e-05
0.00010666394518921152,1.0,9.999999747378752e-05
0.00011410138540668413,1.0,9.999999747378752e-05
0.00012049271754221991,1.0,9.999999747378752e-05
0.00012924877228215337,1.0,9.999999747378752e-05
0.0001178313177661039,1.0,9.999999747378752e-05
0.0001545194536447525,1.0,9.999999747378752e-05
0.00012156649609096348,1.0,9.999999747378752e-05
0.00015419900591950864,1.0,9.999999747378752e-05
0.00013135116023477167,1.0,9.999999747378752e-05
0.00015497516142204404,1.0,9.999999747378752e-05
0.00013094388123136014,1.0,9.999999747378752e-05
0.00011187291238456964,1.0,9.999999747378752e-05
0.00012139720638515428,1.0,9.999999747378752e-05
0.00016722340660635382,1.0,9.999999747378752e-05
0.00011805674148490652,1.0,9.999999747378752e-05
9.270002192351967e-05,1.0,9.999999747378752e-05
0.00011201886809431016,1.0,9.999999747378752e-05
0.00011674642155412585,1.0,9.999999747378752e-05
9.029111242853105e-05,1.0,9.999999747378752e-05
0.00012785157014150172,1.0,9.999999747378752e-05
0.00011082174023613334,1.0,9.999999747378752e-05
0.0001971930469153449,1.0,9.999999747378752e-05
9.207909170072526e-05,1.0,9.999999747378752e-05
0.00011241102038184181,1.0,9.999999747378752e-05
0.00010033945000031963,1.0,9.999999747378752e-05
0.00012315934873186052,1.0,9.999999747378752e-05
0.00014543191355187446,1.0,9.999999747378752e-05
9.58505625021644e-05,1.0,9.999999747378752e-05
9.910659719025716e-05,1.0,9.999999747378752e-05
9.649825369706377e-05,1.0,9.999999747378752e-05
0.00010912658763118088,1.0,9.999999747378752e-05
0.00011399857612559572,1.0,9.999999747378752e-05
0.00010655968799255788,1.0,9.999999747378752e-05
0.0001123665933846496,1.0,9.999999747378752e-05
0.00012281052477192134,1.0,9.999999747378752e-05
9.276921628043056e-05,1.0,9.999999747378752e-05
9.752076584845781e-05,1.0,9.999999747378752e-05
0.00014530596672557294,1.0,9.999999747378752e-05
0.00013541408407036215,1.0,9.999999747378752e-05
0.00012856627290602773,1.0,9.999999747378752e-05
0.00011377902410458773,1.0,9.999999747378752e-05
9.482259338255972e-05,1.0,9.999999747378752e-05
0.00014072800695430487,1.0,9.999999747378752e-05
0.00010616761574056,1.0,9.999999747378752e-05
0.00012515336857177317,1.0,9.999999747378752e-05
0.00010002170165535063,1.0,9.999999747378752e-05
0.00016089585551526397,1.0,9.999999747378752e-05
9.720204980112612e-05,1.0,9.999999747378752e-05
7.873361028032377e-05,1.0,9.999999747378752e-05
8.065278234425932e-05,1.0,9.999999747378752e-05
9.783082350622863e-05,1.0,9.999999747378752e-05
9.412001236341894e-05,1.0,9.999999747378752e-05
9.232933371094987e-05,1.0,9.999999747378752e-05
9.448279161006212e-05,1.0,9.999999747378752e-05
9.133407002082095e-05,1.0,9.999999747378752e-05
9.833410877035931e-05,1.0,9.999999747378752e-05
9.808847244130448e-05,1.0,9.999999747378752e-05
9.83212303253822e-05,1.0,9.999999747378752e-05
7.175650534918532e-05,1.0,9.999999747378752e-05
7.981374801602215e-05,1.0,9.999999747378752e-05
0.00013419070455711335,1.0,9.999999747378752e-05
0.00011059342796215788,1.0,9.999999747378752e-05
0.0001011383137665689,1.0,9.999999747378752e-05
8.318367326864973e-05,1.0,9.999999747378752e-05
6.963551277294755e-05,1.0,9.999999747378752e-05
0.00012083330511813983,1.0,9.999999747378752e-05
8.596128463977948e-05,1.0,9.999999747378752e-05
0.00010095181642100215,1.0,9.999999747378752e-05
0.00014117035607341677,1.0,9.999999747378752e-05
0.00010284206655342132,1.0,9.999999747378752e-05
8.614698163000867e-05,1.0,9.999999747378752e-05
0.0001026451718644239,1.0,9.999999747378752e-05
0.00010172632755711675,1.0,9.999999747378752e-05
0.00010310264042345807,1.0,9.999999747378752e-05
0.0001369716483168304,1.0,9.999999747378752e-05
8.985018212115392e-05,1.0,9.999999747378752e-05
7.433921564370394e-05,1.0,9.999999747378752e-05
9.548696834826842e-05,1.0,9.999999747378752e-05
8.552134386263788e-05,1.0,9.999999747378752e-05
8.321671339217573e-05,1.0,9.999999747378752e-05
7.937593181850389e-05,1.0,9.999999747378752e-05
0.00010899993503699079,1.0,9.999999747378752e-05
7.555587217211723e-05,1.0,9.999999747378752e-05
0.00011025103594874963,1.0,9.999999747378752e-05
7.833307608962059e-05,1.0,9.999999747378752e-05
9.15358541533351e-05,1.0,9.999999747378752e-05
7.222528074635193e-05,1.0,9.999999747378752e-05
0.00013098385534249246,1.0,9.999999747378752e-05
9.711509483167902e-05,1.0,9.999999747378752e-05
7.032863504718989e-05,1.0,9.999999747378752e-05
7.428492972394451e-05,1.0,9.999999747378752e-05
0.00010157413635170087,1.0,9.999999747378752e-05
7.793273834977299e-05,1.0,9.999999747378752e-05
8.444474951829761e-05,1.0,9.999999747378752e-05
0.00010061726061394438,1.0,9.999999747378752e-05
0.00012360120308585465,1.0,9.999999747378752e-05
8.608662756159902e-05,1.0,9.999999747378752e-05
9.384748409502208e-05,1.0,9.999999747378752e-05
8.30353528726846e-05,1.0,9.999999747378752e-05
7.659196126041934e-05,1.0,9.999999747378752e-05
7.301859295694157e-05,1.0,9.999999747378752e-05
8.564769814256579e-05,1.0,9.999999747378752e-05
0.00010176412615692243,1.0,9.999999747378752e-05
6.88307627569884e-05,1.0,9.999999747378752e-05
7.699837442487478e-05,1.0,9.999999747378752e-05
8.382511441595852e-05,1.0,9.999999747378752e-05
7.281440775841475e-05,1.0,9.999999747378752e-05
7.659149559913203e-05,1.0,9.999999747378752e-05
9.569618123350665e-05,1.0,9.999999747378752e-05
7.189849566202611e-05,1.0,9.999999747378752e-05
7.458953041350469e-05,1.0,9.999999747378752e-05
6.779136310797185e-05,1.0,9.999999747378752e-05
5.7323915825691074e-05,1.0,9.999999747378752e-05
0.00012105083442293108,1.0,9.999999747378752e-05
7.894130249042064e-05,1.0,9.999999747378752e-05
7.209346949821338e-05,1.0,9.999999747378752e-05
7.901376375230029e-05,1.0,9.999999747378752e-05
6.901998131070286e-05,1.0,9.999999747378752e-05
7.280847057700157e-05,1.0,9.999999747378752e-05
8.914309728424996e-05,1.0,9.999999747378752e-05
9.55077339312993e-05,1.0,9.999999747378752e-05
8.962403808254749e-05,1.0,9.999999747378752e-05
9.177940955851227e-05,1.0,9.999999747378752e-05
6.397337710950524e-05,1.0,9.999999747378752e-05
8.083810098469257e-05,1.0,9.999999747378752e-05
7.261343853315338e-05,1.0,9.999999747378752e-05
6.131877307780087e-05,1.0,9.999999747378752e-05
7.479689520550892e-05,1.0,9.999999747378752e-05
7.615797221660614e-05,1.0,9.999999747378752e-05
7.567924330942333e-05,1.0,9.999999747378752e-05
8.450364839518443e-05,1.0,9.999999747378752e-05
6.598416075576097e-05,1.0,9.999999747378752e-05
7.520224608015269e-05,1.0,9.999999747378752e-05
7.010958506725729e-05,1.0,9.999999747378752e-05
8.67147246026434e-05,1.0,9.999999747378752e-05
6.794601358706132e-05,1.0,9.999999747378752e-05
7.31994368834421e-05,1.0,9.999999747378752e-05
6.400515121640638e-05,1.0,9.999999747378752e-05
8.145414176397026e-05,1.0,9.999999747378752e-05
6.511939136544243e-05,1.0,9.999999747378752e-05
9.661455260356888e-05,1.0,9.999999747378752e-05
5.618402428808622e-05,1.0,9.999999747378752e-05
7.07323124515824e-05,1.0,9.999999747378752e-05
6.860760186100379e-05,1.0,9.999999747378752e-05
5.7541019486961886e-05,1.0,9.999999747378752e-05
6.261793168960139e-05,1.0,9.999999747378752e-05
6.673923780908808e-05,1.0,9.999999747378752e-05
6.032105738995597e-05,1.0,9.999999747378752e-05
7.656474190298468e-05,1.0,9.999999747378752e-05
6.160471821203828e-05,1.0,9.999999747378752e-05
6.653813034063205e-05,1.0,9.999999747378752e-05
5.464975765789859e-05,1.0,9.999999747378752e-05
9.181188943330199e-05,1.0,9.999999747378752e-05
5.390454680309631e-05,1.0,9.999999747378752e-05
4.654348595067859e-05,1.0,9.999999747378752e-05
6.267534627113491e-05,1.0,9.999999747378752e-05
6.446028419304639e-05,1.0,9.999999747378752e-05
5.885904101887718e-05,1.0,9.999999747378752e-05
9.16107528610155e-05,1.0,9.999999747378752e-05
5.1670067477971315e-05,1.0,9.999999747378752e-05
7.820096652721986e-05,1.0,9.999999747378752e-05
5.657197834807448e-05,1.0,9.999999747378752e-05
5.249634341453202e-05,1.0,9.999999747378752e-05
6.257420318434015e-05,1.0,9.999999747378752e-05
5.894189598620869e-05,1.0,9.999999747378752e-05
4.9374513764632866e-05,1.0,9.999999747378752e-05
7.808854570612311e-05,1.0,9.999999747378752e-05
6.698531797155738e-05,1.0,9.999999747378752e-05
5.3279989515431225e-05,1.0,9.999999747378752e-05
5.2085390052525327e-05,1.0,9.999999747378752e-05
6.857089465484023e-05,1.0,9.999999747378752e-05
7.926130638225004e-05,1.0,9.999999747378752e-05
6.638596096308902e-05,1.0,9.999999747378752e-05
6.146963278297335e-05,1.0,9.999999747378752e-05
5.5313917982857674e-05,1.0,9.999999747378752e-05
6.88773361616768e-05,1.0,9.999999747378752e-05
5.827428321936168e-05,1.0,9.999999747378752e-05
5.317116665537469e-05,1.0,9.999999747378752e-05
7.361281313933432e-05,1.0,9.999999747378752e-05
5.750367563450709e-05,1.0,9.999999747378752e-05
5.136348045198247e-05,1.0,9.999999747378752e-05
6.762937118764967e-05,1.0,9.999999747378752e-05
8.330220589414239e-05,1.0,9.999999747378752e-05
4.563390393741429e-05,1.0,9.999999747378752e-05
5.424272603704594e-05,1.0,9.999999747378752e-05
8.950040501076728e-05,1.0,9.999999747378752e-05
6.938465230632573e-05,1.0,9.999999747378752e-05
5.876918294234201e-05,1.0,9.999999747378752e-05
7.502779044443741e-05,1.0,9.999999747378752e-05
4.6257744543254375e-05,1.0,9.999999747378752e-05
6.399518315447494e-05,1.0,9.999999747378752e-05
4.7563949920004234e-05,1.0,9.999999747378752e-05
5.061137562734075e-05,1.0,9.999999747378752e-05
4.5477219828171656e-05,1.0,9.999999747378752e-05
6.726197898387909e-05,1.0,9.999999747378752e-05
7.135819032555446e-05,1.0,9.999999747378752e-05
4.1389077523490414e-05,1.0,9.999999747378752e-05
4.8175937990890816e-05,1.0,9.999999747378752e-05
4.942713349009864e-05,1.0,9.999999747378752e-05
5.134495586389676e-05,1.0,9.999999747378752e-05
4.5381726522464305e-05,1.0,9.999999747378752e-05
4.651996277971193e-05,1.0,9.999999747378752e-05
6.720489909639582e-05,1.0,9.999999747378752e-05
4.1149116441374645e-05,1.0,9.999999747378752e-05
5.351879372028634e-05,1.0,9.999999747378752e-05
4.74841108371038e-05,1.0,9.999999747378752e-05
5.9458852774696425e-05,1.0,9.999999747378752e-05
5.1447921578073874e-05,1.0,9.999999747378752e-05
5.86365677008871e-05,1.0,9.999999747378752e-05
4.271403668099083e-05,1.0,9.999999747378752e-05
5.186667840462178e-05,1.0,9.999999747378752e-05
4.2275853047613055e-05,1.0,9.999999747378752e-05
4.833850107388571e-05,1.0,9.999999747378752e-05
6.504041084554046e-05,1.0,9.999999747378752e-05
5.799854625365697e-05,1.0,9.999999747378752e-05
5.586167753790505e-05,1.0,9.999999747378752e-05
4.384267595014535e-05,1.0,9.999999747378752e-05
5.024853453505784e-05,1.0,9.999999747378752e-05
6.093538468121551e-05,1.0,9.999999747378752e-05
3.8214177038753405e-05,1.0,9.999999747378752e-05
3.9538404962513596e-05,1.0,9.999999747378752e-05
5.545921521843411e-05,1.0,9.999999747378752e-05
5.763778608525172e-05,1.0,9.999999747378752e-05
5.171239172341302e-05,1.0,9.999999747378752e-05
5.114970917929895e-05,1.0,9.999999747378752e-05
5.574075476033613e-05,1.0,9.999999747378752e-05
7.450387784047052e-05,1.0,9.999999747378752e-05
6.261867383727804e-05,1.0,9.999999747378752e-05
5.613920802716166e-05,1.0,9.999999747378752e-05
4.5533135562436655e-05,1.0,9.999999747378752e-05
4.563712718663737e-05,1.0,9.999999747378752e-05
4.988894215784967e-05,1.0,9.999999747378752e-05
5.402080205385573e-05,1.0,9.999999747378752e-05
5.4792202718090266e-05,1.0,9.999999747378752e-05
5.0586375436978415e-05,1.0,9.999999747378752e-05
4.772769534611143e-05,1.0,9.999999747378752e-05
5.245848296908662e-05,1.0,9.999999747378752e-05
4.3684165575541556e-05,1.0,9.999999747378752e-05
4.2878509702859446e-05,1.0,9.999999747378752e-05
3.640589784481563e-05,1.0,9.999999747378752e-05
3.930456659873016e-05,1.0,9.999999747378752e-05
5.5937580327736214e-05,1.0,9.999999747378752e-05
3.386959360796027e-05,1.0,9.999999747378752e-05
4.412394991959445e-05,1.0,9.999999747378752e-05
3.589400876080617e-05,1.0,9.999999747378752e-05
3.2379452022723854e-05,1.0,9.999999747378752e-05
3.6358880606712773e-05,1.0,9.999999747378752e-05
4.0390856156591326e-05,1.0,9.999999747378752e-05
5.407782009569928e-05,1.0,9.999999747378752e-05
3.965768337366171e-05,1.0,9.999999747378752e-05
5.018001320422627e-05,1.0,9.999999747378752e-05
4.447720493772067e-05,1.0,9.999999747378752e-05
5.099567351862788e-05,1.0,9.999999747378752e-05
6.0211255913600326e-05,1.0,9.999999747378752e-05
4.0243212424684316e-05,1.0,9.999999747378752e-05
5.333608714863658e-05,1.0,9.999999747378752e-05
4.346061177784577e-05,1.0,9.999999747378752e-05
4.538150460575707e-05,1.0,9.999999747378752e-05
3.6044701118953526e-05,1.0,9.999999747378752e-05
3.564223516150378e-05,1.0,9.999999747378752e-05
3.484917397145182e-05,1.0,9.999999747378752e-05
3.843881859211251e-05,1.0,9.999999747378752e-05
3.5866647522198036e-05,1.0,9.999999747378752e-05
4.939959035255015e-05,1.0,9.999999747378752e-05
3.6086556065129116e-05,1.0,9.999999747378752e-05
3.219052086933516e-05,1.0,9.999999747378752e-05
4.0941504266811535e-05,1.0,9.999999747378752e-05
3.485451088636182e-05,1.0,9.999999747378752e-05
3.741849650396034e-05,1.0,9.999999747378752e-05
3.438235944486223e-05,1.0,9.999999747378752e-05
2.9572089260909706e-05,1.0,9.999999747378752e-05
4.0204111428465694e-05,1.0,9.999999747378752e-05
3.098592424066737e-05,1.0,9.999999747378752e-05
3.799578553298488e-05,1.0,9.999999747378752e-05
4.030570198665373e-05,1.0,9.999999747378752e-05
4.466691825655289e-05,1.0,9.999999747378752e-05
4.9627135012997314e-05,1.0,9.999999747378752e-05
3.2682455639587715e-05,1.0,9.999999747378752e-05
4.427766180015169e-05,1.0,9.999999747378752e-05
3.2814612495712936e-05,1.0,9.999999747378752e-05
3.6126184568274766e-05,1.0,9.999999747378752e-05
4.300125874578953e-05,1.0,9.999999747378752e-05
3.619588096626103e-05,1.0,9.999999747378752e-05
4.180133328191005e-05,1.0,9.999999747378752e-05
6.105847569415346e-05,1.0,9.999999747378752e-05
3.468850627541542e-05,1.0,9.999999747378752e-05
3.678595385281369e-05,1.0,9.999999747378752e-05
4.762169191963039e-05,1.0,9.999999747378752e-05
3.832700531347655e-05,1.0,9.999999747378752e-05
3.2122341508511454e-05,1.0,9.999999747378752e-05
4.5775635953759775e-05,1.0,9.999999747378752e-05
3.460259904386476e-05,1.0,9.999999747378752e-05
4.77148023492191e-05,1.0,9.999999747378752e-05
2.7070762371295132e-05,1.0,9.999999747378752e-05
3.455608748481609e-05,1.0,9.999999747378752e-05
3.598978219088167e-05,1.0,9.999999747378752e-05
3.9274353184737265e-05,1.0,9.999999747378752e-05
3.428950367379002e-05,1.0,9.999999747378752e-05
3.113588900305331e-05,1.0,9.999999747378752e-05
3.28831301885657e-05,1.0,9.999999747378752e-05
3.3268803235841915e-05,1.0,9.999999747378752e-05
4.197884481982328e-05,1.0,9.999999747378752e-05
3.200751598342322e-05,1.0,9.999999747378752e-05
3.929922604584135e-05,1.0,9.999999747378752e-05
2.887381378968712e-05,1.0,9.999999747378752e-05
2.679037606867496e-05,1.0,9.999999747378752e-05
2.817222230078187e-05,1.0,9.999999747378752e-05
3.513395495247096e-05,1.0,9.999999747378752e-05
2.7692411094903946e-05,1.0,9.999999747378752e-05
3.735846621566452e-05,1.0,9.999999747378752e-05
2.588342613307759e-05,1.0,9.999999747378752e-05
3.006100632774178e-05,1.0,9.999999747378752e-05
2.9232673114165664e-05,1.0,9.999999747378752e-05
3.558326716301963e-05,1.0,9.999999747378752e-05
2.7097476049675606e-05,1.0,9.999999747378752e-05
4.019159314339049e-05,1.0,9.999999747378752e-05
3.611449938034639e-05,1.0,9.999999747378752e-05
3.0669092666357756e-05,1.0,9.999999747378752e-05
2.7077001504949294e-05,1.0,9.999999747378752e-05
5.375524051487446e-05,1.0,9.999999747378752e-05
3.1829502404434606e-05,1.0,9.999999747378752e-05
4.039454506710172e-05,1.0,9.999999747378752e-05
3.096743967034854e-05,1.0,9.999999747378752e-05
2.5425200874451548e-05,1.0,9.999999747378752e-05
3.170429772580974e-05,1.0,9.999999747378752e-05
3.682440728880465e-05,1.0,9.999999747378752e-05
3.920205563190393e-05,1.0,9.999999747378752e-05
2.4961575036286376e-05,1.0,9.999999747378752e-05
2.873335688491352e-05,1.0,9.999999747378752e-05
3.2249183277599514e-05,1.0,9.999999747378752e-05
3.2678479328751564e-05,1.0,9.999999747378752e-05
2.6446636184118688e-05,1.0,9.999999747378752e-05
2.501431663404219e-05,1.0,9.999999747378752e-05
2.9584965886897407e-05,1.0,9.999999747378752e-05
2.653902629390359e-05,1.0,9.999999747378752e-05
2.8169963115942664e-05,1.0,9.999999747378752e-05
2.6205754693364725e-05,1.0,9.999999747378752e-05
2.57721112575382e-05,1.0,9.999999747378752e-05
2.805570693453774e-05,1.0,9.999999747378752e-05
3.374257357791066e-05,1.0,9.999999747378752e-05
3.098129673162475e-05,1.0,9.999999747378752e-05
2.898815364460461e-05,1.0,9.999999747378752e-05
2.459153620293364e-05,1.0,9.999999747378752e-05
3.2824522349983454e-05,1.0,9.999999747378752e-05
3.242971797590144e-05,1.0,9.999999747378752e-05
2.8594340619747527e-05,1.0,9.999999747378752e-05
3.400980494916439e-05,1.0,9.999999747378752e-05
1.970274024643004e-05,1.0,9.999999747378752e-05
4.9356276576872915e-05,1.0,9.999999747378752e-05
2.9326749427127652e-05,1.0,9.999999747378752e-05
2.4799986931611784e-05,1.0,9.999999747378752e-05
2.8052647394360974e-05,1.0,9.999999747378752e-05
3.103607741650194e-05,1.0,9.999999747378752e-05
2.2213707779883407e-05,1.0,9.999999747378752e-05
3.7103152862982824e-05,1.0,9.999999747378752e-05
3.8774218410253525e-05,1.0,9.999999747378752e-05
2.5083158107008785e-05,1.0,9.999999747378752e-05
2.6860114303417504e-05,1.0,9.999999747378752e-05
2.9407065085251816e-05,1.0,9.999999747378752e-05
3.113744605798274e-05,1.0,9.999999747378752e-05
2.5110033675446175e-05,1.0,9.999999747378752e-05
2.3130754925659858e-05,1.0,9.999999747378752e-05
2.5330604330520146e-05,1.0,9.999999747378752e-05
2.5984429157688282e-05,1.0,9.999999747378752e-05
2.6967061785398982e-05,1.0,9.999999747378752e-05
2.9686987545574084e-05,1.0,9.999999747378752e-05
2.865936949092429e-05,1.0,9.999999747378752e-05
2.978673182951752e-05,1.0,9.999999747378752e-05
2.462418342474848e-05,1.0,9.999999747378752e-05
2.05427932087332e-05,1.0,9.999999747378752e-05
3.22492778650485e-05,1.0,9.999999747378752e-05
2.9326540243346244e-05,1.0,9.999999747378752e-05
2.2828684450360015e-05,1.0,9.999999747378752e-05
4.925107350572944e-05,1.0,9.999999747378752e-05
2.914437027357053e-05,1.0,9.999999747378752e-05
2.6803843866218813e-05,1.0,9.999999747378752e-05
3.097667286056094e-05,1.0,9.999999747378752e-05
2.1606507289106958e-05,1.0,9.999999747378752e-05
2.857422805391252e-05,1.0,9.999999747378752e-05
2.975198185595218e-05,1.0,9.999999747378752e-05
3.263565668021329e-05,1.0,9.999999747378752e-05
2.7598522137850523e-05,1.0,9.999999747378752e-05
2.662871702341363e-05,1.0,9.999999747378752e-05
2.9243481549201533e-05,1.0,9.999999747378752e-05
1.853823778219521e-05,1.0,9.999999747378752e-05
2.3578681066283025e-05,1.0,9.999999747378752e-05
2.2667440134682693e-05,1.0,9.999999747378752e-05
2.1249803467071615e-05,1.0,9.999999747378752e-05
2.277500789205078e-05,1.0,9.999999747378752e-05
2.9589169571409002e-05,1.0,9.999999747378752e-05
3.197452679160051e-05,1.0,9.999999747378752e-05
1.8581238691695035e-05,1.0,9.999999747378752e-05
2.0253575712558813e-05,1.0,9.999999747378752e-05
2.1117186406627297e-05,1.0,9.999999747378752e-05
2.1941878003417514e-05,1.0,9.999999747378752e-05
1.56344522110885e-05,1.0,9.999999747378752e-05
1.9575429178075865e-05,1.0,9.999999747378752e-05
2.0240853700670414e-05,1.0,9.999999747378752e-05
2.3999584300327115e-05,1.0,9.999999747378752e-05
2.6786710805026814e-05,1.0,9.999999747378752e-05
2.1245992684271187e-05,1.0,9.999999747378752e-05
3.705215567606501e-05,1.0,9.999999747378752e-05
2.3495049390476197e-05,1.0,9.999999747378752e-05
2.2124891984276474e-05,1.0,9.999999747378752e-05
1.8950191588373855e-05,1.0,9.999999747378752e-05
2.8349371859803796e-05,1.0,9.999999747378752e-05
2.1679441488231532e-05,1.0,9.999999747378752e-05
2.2991082005319186e-05,1.0,9.999999747378752e-05
2.6264626285410486e-05,1.0,9.999999747378752e-05
1.912628795253113e-05,1.0,9.999999747378752e-05
2.3055892597767524e-05,1.0,9.999999747378752e-05
2.6051104214275256e-05,1.0,9.999999747378752e-05
2.2490086848847568e-05,1.0,9.999999747378752e-05
1.9178436559741385e-05,1.0,9.999999747378752e-05
2.385652442171704e-05,1.0,9.999999747378752e-05
2.639111698954366e-05,1.0,9.999999747378752e-05
1.7796302927308716e-05,1.0,9.999999747378752e-05
2.2015778085915372e-05,1.0,9.999999747378752e-05
3.0104054530966096e-05,1.0,9.999999747378752e-05
2.289929034304805e-05,1.0,9.999999747378752e-05
2.4076336558209732e-05,1.0,9.999999747378752e-05
2.5675863071228378e-05,1.0,9.999999747378752e-05
1.900637653307058e-05,1.0,9.999999747378752e-05
1.9952141883550212e-05,1.0,9.999999747378752e-05
2.527784999983851e-05,1.0,9.999999747378752e-05
1.7919159290613607e-05,1.0,9.999999747378752e-05
1.7409785868949257e-05,1.0,9.999999747378752e-05
2.4915549147408456e-05,1.0,9.999999747378752e-05
1.870556479843799e-05,1.0,9.999999747378752e-05
2.1226795070106164e-05,1.0,9.999999747378752e-05
1.939602952916175e-05,1.0,9.999999747378752e-05
2.0397650587256067e-05,1.0,9.999999747378752e-05
2.7506539481692016e-05,1.0,9.999999747378752e-05
1.6661137124174275e-05,1.0,9.999999747378752e-05
2.342733023397159e-05,1.0,9.999999747378752e-05
1.8547325453255326e-05,1.0,9.999999747378752e-05
2.027610389632173e-05,1.0,9.999999747378752e-05
1.812007940316107e-05,1.0,9.999999747378752e-05
1.681708818068728e-05,1.0,9.999999747378752e-05
1.779543345037382e-05,1.0,9.999999747378752e-05
2.0060409951838665e-05,1.0,9.999999747378752e-05
2.2275573428487405e-05,1.0,9.999999747378752e-05
2.2096775865065865e-05,1.0,9.999999747378752e-05
2.0791258066310547e-05,1.0,9.999999747378752e-05
1.8623832147568464e-05,1.0,9.999999747378752e-05
2.093989314744249e-05,1.0,9.999999747378752e-05
1.9543213056749664e-05,1.0,9.999999747378752e-05
1.6784362742328085e-05,1.0,9.999999747378752e-05
1.9274248188594356e-05,1.0,9.999999747378752e-05
1.9308070477563888e-05,1.0,9.999999747378752e-05
2.0180686988169327e-05,1.0,9.999999747378752e-05
2.1498253772733733e-05,1.0,9.999999747378752e-05
2.1909532733843662e-05,1.0,9.999999747378752e-05
2.209604463132564e-05,1.0,9.999999747378752e-05
1.6008127204258926e-05,1.0,9.999999747378752e-05
1.2672891898546368e-05,1.0,9.999999747378752e-05
2.0185729226795956e-05,1.0,9.999999747378752e-05
1.2077509381924756e-05,1.0,9.999999747378752e-05
1.7589629351277836e-05,1.0,9.999999747378752e-05
1.3799166481476277e-05,1.0,9.999999747378752e-05
2.273250720463693e-05,1.0,9.999999747378752e-05
1.2718974176095799e-05,1.0,9.999999747378752e-05
1.723650893836748e-05,1.0,9.999999747378752e-05
1.6266483726212755e-05,1.0,9.999999747378752e-05
1.4087251656746957e-05,1.0,9.999999747378752e-05
1.6946800315054134e-05,1.0,9.999999747378752e-05
1.4397674931387883e-05,1.0,9.999999747378752e-05
1.1730650840036105e-05,1.0,9.999999747378752e-05
2.8086473321309313e-05,1.0,9.999999747378752e-05
1.6171994502656162e-05,1.0,9.999999747378752e-05
1.6738486010581255e-05,1.0,9.999999747378752e-05
1.1013646144419909e-05,1.0,9.999999747378752e-05
1.6097539628390223e-05,1.0,9.999999747378752e-05
1.9339639038662426e-05,1.0,9.999999747378752e-05
1.8014994566328824e-05,1.0,9.999999747378752e-05
1.4382251720235217e-05,1.0,9.999999747378752e-05
2.6757599698612466e-05,1.0,9.999999747378752e-05
1.6085234165075235e-05,1.0,9.999999747378752e-05
1.8799162717186846e-05,1.0,9.999999747378752e-05
2.3749182219034992e-05,1.0,9.999999747378752e-05
1.3593291441793554e-05,1.0,9.999999747378752e-05
1.8003513105213642e-05,1.0,9.999999747378752e-05
3.381568240001798e-05,1.0,9.999999747378752e-05
1.936011904035695e-05,1.0,9.999999747378752e-05
1.3497728104994167e-05,1.0,9.999999747378752e-05
1.4414826182473917e-05,1.0,9.999999747378752e-05
1.693309059191961e-05,1.0,9.999999747378752e-05
1.9955139578087255e-05,1.0,9.999999747378752e-05
1.3828579540131614e-05,1.0,9.999999747378752e-05
1.4351000572787598e-05,1.0,9.999999747378752e-05
1.4232427929528058e-05,1.0,9.999999747378752e-05
1.203886768053053e-05,1.0,9.999999747378752e-05
1.735599107632879e-05,1.0,9.999999747378752e-05
1.3446109733195044e-05,1.0,9.999999747378752e-05
1.146082013292471e-05,1.0,9.999999747378752e-05
1.798674202291295e-05,1.0,9.999999747378752e-05
9.454616701987106e-06,1.0,9.999999747378752e-05
1.236513980984455e-05,1.0,9.999999747378752e-05
1.3774711078440305e-05,1.0,9.999999747378752e-05
1.8799619283527136e-05,1.0,9.999999747378752e-05
1.3162837603886146e-05,1.0,9.999999747378752e-05
1.3232630408310797e-05,1.0,9.999999747378752e-05
1.987820905924309e-05,1.0,9.999999747378752e-05
1.3978636161482427e-05,1.0,9.999999747378752e-05
1.280448032048298e-05,1.0,9.999999747378752e-05
1.5538935258518904e-05,1.0,9.999999747378752e-05
1.4321808521344792e-05,1.0,9.999999747378752e-05
1.6241814591921866e-05,1.0,9.999999747378752e-05
1.2533248991530854e-05,1.0,9.999999747378752e-05
1.2570241779030766e-05,1.0,9.999999747378752e-05
1.9006281945621595e-05,1.0,9.999999747378752e-05
1.3653568203153554e-05,1.0,9.999999747378752e-05
1.6488218534504995e-05,1.0,9.999999747378752e-05
1.194460583064938e-05,1.0,9.999999747378752e-05
1.4156878023641184e-05,1.0,9.999999747378752e-05
1.2457217962946743e-05,1.0,9.999999747378752e-05
1.60172457981389e-05,1.0,9.999999747378752e-05
1.4109703442954924e-05,1.0,9.999999747378752e-05
1.5201759197225329e-05,1.0,9.999999747378752e-05
1.1445183190517128e-05,1.0,9.999999747378752e-05
1.0630652468535118e-05,1.0,9.999999747378752e-05
1.4200094483385328e-05,1.0,9.999999747378752e-05
1.0100110557687003e-05,1.0,9.999999747378752e-05
1.376354066451313e-05,1.0,9.999999747378752e-05
1.316117777605541e-05,1.0,9.999999747378752e-05
1.326306755800033e-05,1.0,9.999999747378752e-05
1.0247473255731165e-05,1.0,9.999999747378752e-05
1.6614378182566725e-05,1.0,9.999999747378752e-05
1.6500342098879628e-05,1.0,9.999999747378752e-05
1.8212562281405553e-05,1.0,9.999999747378752e-05
1.2758294360537548e-05,1.0,9.999999747378752e-05
1.1350092790962663e-05,1.0,9.999999747378752e-05
1.3071323337499052e-05,1.0,9.999999747378752e-05
1.2994591997994576e-05,1.0,9.999999747378752e-05
1.3409585335466545e-05,1.0,9.999999747378752e-05
1.5476078260689974e-05,1.0,9.999999747378752e-05
1.9313905795570463e-05,1.0,9.999999747378752e-05
1.261281704501016e-05,1.0,9.999999747378752e-05
1.2365953807602637e-05,1.0,9.999999747378752e-05
1.2947196410095785e-05,1.0,9.999999747378752e-05
9.012619557324797e-06,1.0,9.999999747378752e-05
1.0553697393334005e-05,1.0,9.999999747378752e-05
1.1602140148170292e-05,1.0,9.999999747378752e-05
1.5978410374373198e-05,1.0,9.999999747378752e-05
1.3534119716496207e-05,1.0,9.999999747378752e-05
2.1160461983527057e-05,1.0,9.999999747378752e-05
2.298148137924727e-05,1.0,9.999999747378752e-05
1.5555326172034256e-05,1.0,9.999999747378752e-05
2.0440345906536095e-05,1.0,9.999999747378752e-05
9.998233508667909e-06,1.0,9.999999747378752e-05
1.098629400075879e-05,1.0,9.999999747378752e-05
9.669702194514684e-06,1.0,9.999999747378752e-05
2.1084255422465503e-05,1.0,9.999999747378752e-05
1.3673019566340372e-05,1.0,9.999999747378752e-05
1.0219834621238988e-05,1.0,9.999999747378752e-05
1.1639583135547582e-05,1.0,9.999999747378752e-05
1.0488308362255339e-05,1.0,9.999999747378752e-05
1.0443797691550571e-05,1.0,9.999999747378752e-05
1.2798217539966572e-05,1.0,9.999999747378752e-05
1.3575225239037536e-05,1.0,9.999999747378752e-05
1.2847085599787533e-05,1.0,9.999999747378752e-05
1.2107616385037545e-05,1.0,9.999999747378752e-05
9.802398380998056e-06,1.0,9.999999747378752e-05
9.538664926367346e-06,1.0,9.999999747378752e-05
8.029867785808165e-06,1.0,9.999999747378752e-05
7.91515049058944e-06,1.0,9.999999747378752e-05
1.2663646884902846e-05,1.0,9.999999747378752e-05
1.2349404642009176e-05,1.0,9.999999747378752e-05
1.0161661521124188e-05,1.0,9.999999747378752e-05
1.0266091521771159e-05,1.0,9.999999747378752e-05
1.0428857422084548e-05,1.0,9.999999747378752e-05
8.650150448374916e-06,1.0,9.999999747378752e-05
1.2153185707575176e-05,1.0,9.999999747378752e-05
8.976795470516663e-06,1.0,9.999999747378752e-05
1.0008246135839727e-05,1.0,9.999999747378752e-05
9.259109901904594e-06,1.0,9.999999747378752e-05
1.0545644727244508e-05,1.0,9.999999747378752e-05
1.114002679969417e-05,1.0,9.999999747378752e-05
1.1000098311342299e-05,1.0,9.999999747378752e-05
1.2013569175906014e-05,1.0,9.999999747378752e-05
9.857661098067183e-06,1.0,9.999999747378752e-05
1.0997391655109823e-05,1.0,9.999999747378752e-05
8.775139576755464e-06,1.0,9.999999747378752e-05
8.316735147673171e-06,1.0,9.999999747378752e-05
7.990497579157818e-06,1.0,9.999999747378752e-05
1.1115493180113845e-05,1.0,9.999999747378752e-05
9.588891771272756e-06,1.0,9.999999747378752e-05
9.366319318360183e-06,1.0,9.999999747378752e-05
1.1209510375920217e-05,1.0,9.999999747378752e-05
1.20815329864854e-05,1.0,9.999999747378752e-05
1.1798755622294266e-05,1.0,9.999999747378752e-05
9.651834261603653e-06,1.0,9.999999747378752e-05
1.1856205674121156e-05,1.0,9.999999747378752e-05
8.022178008104675e-06,1.0,9.999999747378752e-05
9.46653017308563e-06,1.0,9.999999747378752e-05
8.194219844881445e-06,1.0,9.999999747378752e-05
1.052698371495353e-05,1.0,9.999999747378752e-05
8.406830602325499e-06,1.0,9.999999747378752e-05
9.973691703635268e-06,1.0,9.999999747378752e-05
9.309806046076119e-06,1.0,9.999999747378752e-05
1.0372490578447469e-05,1.0,9.999999747378752e-05
8.567211807530839e-06,1.0,9.999999747378752e-05
7.924058081698604e-06,1.0,9.999999747378752e-05
1.599023562448565e-05,1.0,9.999999747378752e-05
7.135844498407096e-06,1.0,9.999999747378752e-05
6.709443368890788e-06,1.0,9.999999747378752e-05
8.35926130093867e-06,1.0,9.999999747378752e-05
7.5252942224324215e-06,1.0,9.999999747378752e-05
9.98758969217306e-06,1.0,9.999999747378752e-05
9.147329365077894e-06,1.0,9.999999747378752e-05
1.3016960110689979e-05,1.0,9.999999747378752e-05
7.484511570510222e-06,1.0,9.999999747378752e-05
7.826588444004301e-06,1.0,9.999999747378752e-05
1.0073723387904465e-05,1.0,9.999999747378752e-05
7.7003414844512e-06,1.0,9.999999747378752e-05
1.0128213034477085e-05,1.0,9.999999747378752e-05
6.907415809109807e-06,1.0,9.999999747378752e-05
7.956370609463193e-06,1.0,9.999999747378752e-05
1.0168791959586088e-05,1.0,9.999999747378752e-05
9.96725975710433e-06,1.0,9.999999747378752e-05
7.227572041301755e-06,1.0,9.999999747378752e-05
8.013877959456295e-06,1.0,9.999999747378752e-05
7.369116701738676e-06,1.0,9.999999747378752e-05
7.82098595664138e-06,1.0,9.999999747378752e-05
5.963378953310894e-06,1.0,9.999999747378752e-05
8.959128535934724e-06,1.0,9.999999747378752e-05
9.390454579261132e-06,1.0,9.999999747378752e-05
8.20052173367003e-06,1.0,9.999999747378752e-05
7.0489736572199035e-06,1.0,9.999999747378752e-05
7.819961865607183e-06,1.0,9.999999747378752e-05
6.644938366662245e-06,1.0,9.999999747378752e-05
1.0269528502249159e-05,1.0,9.999999747378752e-05
1.4636509149568155e-05,1.0,9.999999747378752e-05
8.487232662446331e-06,1.0,9.999999747378752e-05
7.770130650897045e-06,1.0,9.999999747378752e-05
7.713751983828843e-06,1.0,9.999999747378752e-05
6.082993877498666e-06,1.0,9.999999747378752e-05
1.179742412205087e-05,1.0,9.999999747378752e-05
7.175194241426652e-06,1.0,9.999999747378752e-05
5.30837587575661e-06,1.0,9.999999747378752e-05
9.961353498511016e-06,1.0,9.999999747378752e-05
5.990810677758418e-06,1.0,9.999999747378752e-05
8.564684321754612e-06,1.0,9.999999747378752e-05
7.531311439379351e-06,1.0,9.999999747378752e-05
8.426844033238012e-06,1.0,9.999999747378752e-05
2.1007606846978888e-05,1.0,9.999999747378752e-05
7.405490578094032e-06,1.0,9.999999747378752e-05
6.639641924266471e-06,1.0,9.999999747378752e-05
5.040572887082817e-06,1.0,9.999999747378752e-05
8.23439495434286e-06,1.0,9.999999747378752e-05
5.260878424451221e-06,1.0,9.999999747378752e-05
1.083466486306861e-05,1.0,9.999999747378752e-05
4.904773049929645e-06,1.0,9.999999747378752e-05
8.948581125878263e-06,1.0,9.999999747378752e-05
7.856572665332351e-06,1.0,9.999999747378752e-05
8.245142453233711e-06,1.0,9.999999747378752e-05
8.400184015044942e-06,1.0,9.999999747378752e-05
5.065066488896264e-06,1.0,9.999999747378752e-05
7.108974841685267e-06,1.0,9.999999747378752e-05
5.569772838498466e-06,1.0,9.999999747378752e-05
9.470473742112517e-06,1.0,9.999999747378752e-05
1.1727592209354043e-05,1.0,9.999999747378752e-05
6.076591034798184e-06,1.0,9.999999747378752e-05
7.651983651157934e-06,1.0,9.999999747378752e-05
7.495774752896978e-06,1.0,9.999999747378752e-05
6.097849563957425e-06,1.0,9.999999747378752e-05
8.632513527118135e-06,1.0,9.999999747378752e-05
6.729662345605902e-06,1.0,9.999999747378752e-05
5.954603693680838e-06,1.0,9.999999747378752e-05
8.195838745450601e-06,1.0,9.999999747378752e-05
5.706798674509628e-06,1.0,9.999999747378752e-05
9.373218745167833e-06,1.0,9.999999747378752e-05
7.19215267963591e-06,1.0,9.999999747378752e-05
6.587688403669745e-06,1.0,9.999999747378752e-05
9.463654350838624e-06,1.0,9.999999747378752e-05
4.142488705838332e-06,1.0,9.999999747378752e-05
4.843252099817619e-06,1.0,9.999999747378752e-05
5.2400200729607604e-06,1.0,9.999999747378752e-05
8.052320481510833e-06,1.0,9.999999747378752e-05
4.6229283725551795e-06,1.0,9.999999747378752e-05
6.5227350205532275e-06,1.0,9.999999747378752e-05
5.859472366864793e-06,1.0,9.999999747378752e-05
5.832623173773754e-06,1.0,9.999999747378752e-05
9.135206710197963e-06,1.0,9.999999747378752e-05
6.235178716451628e-06,1.0,9.999999747378752e-05
6.0261559156060684e-06,1.0,9.999999747378752e-05
6.991436293901643e-06,1.0,9.999999747378752e-05
8.116369826893788e-06,1.0,9.999999747378752e-05
5.401809175964445e-06,1.0,9.999999747378752e-05
6.0369939092197455e-06,1.0,9.999999747378752e-05
6.2460394474328496e-06,1.0,9.999999747378752e-05
6.035234946466517e-06,1.0,9.999999747378752e-05
7.896041097410489e-06,1.0,9.999999747378752e-05
6.768703315174207e-06,1.0,9.999999747378752e-05
9.362262062495574e-06,1.0,9.999999747378752e-05
7.228298727568472e-06,1.0,9.999999747378752e-05
6.2274953052110504e-06,1.0,9.999999747378752e-05
6.20344098933856e-06,1.0,9.999999747378752e-05
6.692292572552105e-06,1.0,9.999999747378752e-05
4.730009550257819e-06,1.0,9.999999747378752e-05
5.889227850275347e-06,1.0,9.999999747378752e-05
5.226791927270824e-06,1.0,9.999999747378752e-05
8.655612873553764e-06,1.0,9.999999747378752e-05
7.397515219054185e-06,1.0,9.999999747378752e-05
6.977395514695672e-06,1.0,9.999999747378752e-05
7.617491064593196e-06,1.0,9.999999747378752e-05
7.012100468273275e-06,1.0,9.999999747378752e-05
7.502529115299694e-06,1.0,9.999999747378752e-05
6.617700364586199e-06,1.0,9.999999747378752e-05
4.351945790403988e-06,1.0,9.999999747378752e-05
5.477776085172081e-06,1.0,9.999999747378752e-05
6.679382295260439e-06,1.0,9.999999747378752e-05
4.7363828343804926e-06,1.0,9.999999747378752e-05
4.552681730274344e-06,1.0,9.999999747378752e-05
7.552296665380709e-06,1.0,9.999999747378752e-05
9.99638723442331e-06,1.0,9.999999747378752e-05
5.86731448493083e-06,1.0,9.999999747378752e-05
4.989265562471701e-06,1.0,9.999999747378752e-05
4.713174803328002e-06,1.0,9.999999747378752e-05
5.925393452343997e-06,1.0,9.999999747378752e-05
1.133484056481393e-05,1.0,9.999999747378752e-05
5.047588729212293e-06,1.0,9.999999747378752e-05
5.230645001574885e-06,1.0,9.999999747378752e-05
5.304258138494333e-06,1.0,9.999999747378752e-05
4.83132043882506e-06,1.0,9.999999747378752e-05
5.3976491471985355e-06,1.0,9.999999747378752e-05
5.832207079947693e-06,1.0,9.999999747378752e-05
5.937503829045454e-06,1.0,9.999999747378752e-05
7.755570550216362e-06,1.0,9.999999747378752e-05
8.849047844705638e-06,1.0,9.999999747378752e-05
4.3285217543598264e-06,1.0,9.999999747378752e-05
4.486884790821932e-06,1.0,9.999999747378752e-05
5.49601736565819e-06,1.0,9.999999747378752e-05
4.915812496619765e-06,1.0,9.999999747378752e-05
5.126758878759574e-06,1.0,9.999999747378752e-05
4.2031310840684455e-06,1.0,9.999999747378752e-05
5.2195805437804665e-06,1.0,9.999999747378752e-05
6.713026323268423e-06,1.0,9.999999747378752e-05
5.131469606567407e-06,1.0,9.999999747378752e-05
3.969207227783045e-06,1.0,9.999999747378752e-05
3.984308932558633e-06,1.0,9.999999747378752e-05
5.973217866994673e-06,1.0,9.999999747378752e-05
7.479948635591427e-06,1.0,9.999999747378752e-05
5.216375484451419e-06,1.0,9.999999747378752e-05
4.095647454960272e-06,1.0,9.999999747378752e-05
4.403448656375986e-06,1.0,9.999999747378752e-05
5.0050120989908464e-06,1.0,9.999999747378752e-05
4.352756604930619e-06,1.0,9.999999747378752e-05
4.99396401210106e-06,1.0,9.999999747378752e-05
3.5225666579208337e-06,1.0,9.999999747378752e-05
3.690335688588675e-06,1.0,9.999999747378752e-05
5.185505870031193e-06,1.0,9.999999747378752e-05
4.513481144385878e-06,1.0,9.999999747378752e-05
4.942853593092877e-06,1.0,9.999999747378752e-05
5.267687811283395e-06,1.0,9.999999747378752e-05
3.5666673738887766e-06,1.0,9.999999747378752e-05
4.506915047386428e-06,1.0,9.999999747378752e-05
4.675885520555312e-06,1.0,9.999999747378752e-05
3.656499757198617e-06,1.0,9.999999747378752e-05
4.5701303861278575e-06,1.0,9.999999747378752e-05
5.043084001954412e-06,1.0,9.999999747378752e-05
3.1207086976792198e-06,1.0,9.999999747378752e-05
4.064560471306322e-06,1.0,9.999999747378752e-05
2.7039070573664503e-06,1.0,9.999999747378752e-05
2.2547462776856264e-06,1.0,9.999999747378752e-05
4.209316557535203e-06,1.0,9.999999747378752e-05
4.731649369205115e-06,1.0,9.999999747378752e-05
4.037521648569964e-06,1.0,9.999999747378752e-05
4.092224571650149e-06,1.0,9.999999747378752e-05
3.647133553386084e-06,1.0,9.999999747378752e-05
3.971734258811921e-06,1.0,9.999999747378752e-05
6.928201855771476e-06,1.0,9.999999747378752e-05
2.8215870770509355e-05,1.0,9.999999747378752e-05
8.350758434971794e-06,1.0,9.999999747378752e-05
9.025252438732423e-06,1.0,9.999999747378752e-05
9.616218449082226e-06,1.0,9.999999747378752e-05
5.979692105029244e-06,1.0,9.999999747378752e-05
5.685340056515997e-06,1.0,9.999999747378752e-05
8.201734999602195e-06,1.0,9.999999747378752e-05
4.491552317631431e-06,1.0,9.999999747378752e-05
6.576109626621474e-06,1.0,9.999999747378752e-05
9.942601536749862e-06,1.0,9.999999747378752e-05
4.462609922484262e-06,1.0,9.999999747378752e-05
3.6628832731366856e-06,1.0,9.999999747378752e-05
5.279377091937931e-06,1.0,9.999999747378752e-05
4.301448825572152e-06,1.0,9.999999747378752e-05
3.7386143958428875e-06,1.0,9.999999747378752e-05
4.192713731754338e-06,1.0,9.999999747378752e-05
4.561586592899403e-06,1.0,9.999999747378752e-05
5.649342256219825e-06,1.0,9.999999747378752e-05
5.7092752285825554e-06,1.0,9.999999747378752e-05
4.2463566387596074e-06,1.0,9.999999747378752e-05
3.260984840380843e-06,1.0,9.999999747378752e-05
5.571413112193113e-06,1.0,9.999999747378752e-05
3.3693288514768938e-06,1.0,9.999999747378752e-05
3.849146651191404e-06,1.0,9.999999747378752e-05
3.925566943507874e-06,1.0,9.999999747378752e-05
3.881265001837164e-06,1.0,9.999999747378752e-05
4.26999122282723e-06,1.0,9.999999747378752e-05
4.4833991523773875e-06,1.0,9.999999747378752e-05
5.094167136121541e-06,1.0,9.999999747378752e-05
5.182314453122672e-06,1.0,9.999999747378752e-05
3.3463436466263374e-06,1.0,9.999999747378752e-05
6.432192094507627e-06,1.0,9.999999747378752e-05
3.518307494232431e-06,1.0,9.999999747378752e-05
3.9993842619878706e-06,1.0,9.999999747378752e-05
4.069866463396465e-06,1.0,9.999999747378752e-05
3.5577124890551204e-06,1.0,9.999999747378752e-05
2.932489223894663e-06,1.0,9.999999747378752e-05
6.676998964394443e-06,1.0,9.999999747378752e-05
3.3803903534135316e-06,1.0,9.999999747378752e-05
3.75526474272192e-06,1.0,9.999999747378752e-05
3.2403347631770885e-06,1.0,9.999999747378752e-05
3.360607706781593e-06,1.0,9.999999747378752e-05
4.27891245635692e-06,1.0,9.999999747378752e-05
4.147552317590453e-06,1.0,9.999999747378752e-05
2.9137847832316766e-06,1.0,9.999999747378752e-05
4.57752366855857e-06,1.0,9.999999747378752e-05
3.4764025258482434e-06,1.0,9.999999747378752e-05
2.855035745596979e-06,1.0,9.999999747378752e-05
3.1677523111284245e-06,1.0,9.999999747378752e-05
4.409600023791427e-06,1.0,9.999999747378752e-05
3.1739073165226728e-06,1.0,9.999999747378752e-05
5.7049533097597305e-06,1.0,9.999999747378752e-05
3.572339664970059e-06,1.0,9.999999747378752e-05
2.589375753814238e-06,1.0,9.999999747378752e-05
3.0964322377258213e-06,1.0,9.999999747378752e-05
2.63727724814089e-06,1.0,9.999999747378752e-05
3.253103841416305e-06,1.0,9.999999747378752e-05
5.6225517255370505e-06,1.0,9.999999747378752e-05
3.045347511942964e-06,1.0,9.999999747378752e-05
3.3139715469587827e-06,1.0,9.999999747378752e-05
1.3679967196367215e-05,1.0,9.999999747378752e-05
5.6302942539332435e-06,1.0,9.999999747378752e-05
1.2795342627214268e-05,1.0,9.999999747378752e-05
3.2492746413481655e-06,1.0,9.999999747378752e-05
3.524735802784562e-06,1.0,9.999999747378752e-05
4.389998593978817e-06,1.0,9.999999747378752e-05
6.123875209596008e-06,1.0,9.999999747378752e-05
2.641531864355784e-06,1.0,9.999999747378752e-05
3.914697117579635e-06,1.0,9.999999747378752e-05
4.362723757367348e-06,1.0,9.999999747378752e-05
3.380185489731957e-06,1.0,9.999999747378752e-05
5.38024551133276e-06,1.0,9.999999747378752e-05
3.768454234887031e-06,1.0,9.999999747378752e-05
3.694354973049485e-06,1.0,9.999999747378752e-05
2.5461656605330063e-06,1.0,9.999999747378752e-05
2.6245045319228666e-06,1.0,9.999999747378752e-05
3.0185178729880136e-06,1.0,9.999999747378752e-05
3.5049135931330966e-06,1.0,9.999999747378752e-05
2.8552449293783866e-06,1.0,9.999999747378752e-05
2.8763117825292284e-06,1.0,9.999999747378752e-05
3.31928731611697e-06,1.0,9.999999747378752e-05
2.676655412869877e-06,1.0,9.999999747378752e-05
4.650259143090807e-06,1.0,9.999999747378752e-05
2.6896182134805713e-06,1.0,9.999999747378752e-05
3.4314830372750293e-06,1.0,9.999999747378752e-05
2.7920168577111326e-06,1.0,9.999999747378752e-05
2.318822225788608e-06,1.0,9.999999747378752e-05
2.3418042474077083e-06,1.0,9.999999747378752e-05
2.318175802429323e-06,1.0,9.999999747378752e-05
2.4761261556704994e-06,1.0,9.999999747378752e-05
3.620283223426668e-06,1.0,9.999999747378752e-05
3.2518262287339894e-06,1.0,9.999999747378752e-05
2.75903789770382e-06,1.0,9.999999747378752e-05
6.328989456960699e-06,1.0,9.999999747378752e-05
1.986737515835557e-06,1.0,9.999999747378752e-05
3.0640658224001527e-06,1.0,9.999999747378752e-05
3.9197630030685104e-06,1.0,9.999999747378752e-05
2.0831701021961635e-06,1.0,9.999999747378752e-05
2.2538895336765563e-06,1.0,9.999999747378752e-05
2.8277820547373267e-06,1.0,9.999999747378752e-05
2.6123686893697595e-06,1.0,9.999999747378752e-05
2.151071839762153e-06,1.0,9.999999747378752e-05
4.654621989175212e-06,1.0,9.999999747378752e-05
2.999355956490035e-06,1.0,9.999999747378752e-05
2.374164068896789e-06,1.0,9.999999747378752e-05
2.3526524728367804e-06,1.0,9.999999747378752e-05
1.904359692161961e-06,1.0,9.999999747378752e-05
3.2273403576255077e-06,1.0,9.999999747378752e-05
2.6504690140427556e-06,1.0,9.999999747378752e-05
2.7834969387185993e-06,1.0,9.999999747378752e-05
2.9139987418602686e-06,1.0,9.999999747378752e-05
1.7006406096697901e-06,1.0,9.999999747378752e-05
1.268511027774366e-06,1.0,9.999999747378752e-05
2.4739824766584206e-06,1.0,9.999999747378752e-05
2.530620349716628e-06,1.0,9.999999747378752e-05
4.027463546663057e-06,1.0,9.999999747378752e-05
2.7375178888178198e-06,1.0,9.999999747378752e-05
3.0297680950752692e-06,1.0,9.999999747378752e-05
2.0906193185510347e-06,1.0,9.999999747378752e-05
1.917342160595581e-06,1.0,9.999999747378752e-05
1.3572783927884302e-06,1.0,9.999999747378752e-05
2.4286318875965662e-06,1.0,9.999999747378752e-05
2.7449705157778226e-06,1.0,9.999999747378752e-05
3.255813908253913e-06,1.0,9.999999747378752e-05
2.3247778244694928e-06,1.0,9.999999747378752e-05
2.0812526599911507e-06,1.0,9.999999747378752e-05
2.4039668460318353e-06,1.0,9.999999747378752e-05
1.5950565739331068e-06,1.0,9.999999747378752e-05
1.4498779137284146e-06,1.0,9.999999747378752e-05
1.9020133095182246e-06,1.0,9.999999747378752e-05
2.203653821197804e-06,1.0,9.999999747378752e-05
4.060705123265507e-06,1.0,9.999999747378752e-05
2.3418022010446293e-06,1.0,9.999999747378752e-05
1.8607162246553344e-06,1.0,9.999999747378752e-05
1.7402312550984789e-06,1.0,9.999999747378752e-05
2.2600413558393484e-06,1.0,9.999999747378752e-05
2.375653821218293e-06,1.0,9.999999747378752e-05
2.564463329690625e-06,1.0,9.999999747378752e-05
3.307572114863433e-06,1.0,9.999999747378752e-05
2.129789891114342e-06,1.0,9.999999747378752e-05
1.949486204466666e-06,1.0,9.999999747378752e-05
1.3685588555745198e-06,1.0,9.999999747378752e-05
2.551017360019614e-06,1.0,9.999999747378752e-05
